{
  "_format": "hh-sol-cache-2",
  "files": {
    "C:\\Users\\Ricardo Cruz\\Área Dev\\TCC\\contracts\\Lock.sol": {
      "lastModificationDate": 1730938124517,
      "contentHash": "23624b52d5f9cc0f182b8c2adb089d6b",
      "sourceName": "contracts/Lock.sol",
      "solcConfig": {
        "version": "0.8.0",
        "settings": {
          "optimizer": {
            "enabled": true,
            "runs": 200
          },
          "outputSelection": {
            "*": {
              "*": [
                "abi",
                "evm.bytecode",
                "evm.deployedBytecode",
                "evm.methodIdentifiers",
                "metadata"
              ],
              "": [
                "ast"
              ]
            }
          }
        }
      },
      "imports": [],
      "versionPragmas": [
        "^0.8.0"
      ],
      "artifacts": [
        "Lock"
      ]
    },
    "C:\\Users\\Ricardo Cruz\\Área Dev\\TCC\\contracts\\SoybeanTrade.sol": {
      "lastModificationDate": 1730938124581,
      "contentHash": "eac28664a1b6a339cec00ffeaa9b98c7",
      "sourceName": "contracts/SoybeanTrade.sol",
      "solcConfig": {
        "version": "0.8.0",
        "settings": {
          "optimizer": {
            "enabled": true,
            "runs": 200
          },
          "outputSelection": {
            "*": {
              "*": [
                "abi",
                "evm.bytecode",
                "evm.deployedBytecode",
                "evm.methodIdentifiers",
                "metadata"
              ],
              "": [
                "ast"
              ]
            }
          }
        }
      },
      "imports": [],
      "versionPragmas": [
        "^0.8.0"
      ],
      "artifacts": [
        "SoybeanTrade"
      ]
    }
  }
}
